participant	subject_type	task	run	roi	hemisphere	condition	y	type_of_y
sub-00	pilot	gc	run-001	GFP	LH	Gaze	-1.2121149110665455	beta_z-score
sub-00	pilot	gc	run-001	GFP	RH	Gaze	3.8603937430196407	beta_z-score
sub-00	pilot	gc	run-001	fMotionArea	LH	Gaze	1.2663038825293158	beta_z-score
sub-00	pilot	gc	run-001	fMotionArea	RH	Gaze	2.653281344401703	beta_z-score
sub-00	pilot	gc	run-001	Marquardt2017GFP	LH	Gaze	0.3027828933661353	beta_z-score
sub-00	pilot	gc	run-001	Marquardt2017GFP	RH	Gaze	1.449776678638187	beta_z-score
sub-00	pilot	gc	run-001	GFP	LH	Cubes	0.6733834989172494	beta_z-score
sub-00	pilot	gc	run-001	GFP	RH	Cubes	3.7921167033394854	beta_z-score
sub-00	pilot	gc	run-001	fMotionArea	LH	Cubes	2.0093182539632846	beta_z-score
sub-00	pilot	gc	run-001	fMotionArea	RH	Cubes	2.794279566578944	beta_z-score
sub-00	pilot	gc	run-001	Marquardt2017GFP	LH	Cubes	2.0001750185145113	beta_z-score
sub-00	pilot	gc	run-001	Marquardt2017GFP	RH	Cubes	1.8034390994369154	beta_z-score
sub-00	pilot	gc	run-002	GFP	LH	Gaze	0.13137179194179158	beta_z-score
sub-00	pilot	gc	run-002	GFP	RH	Gaze	3.2118717533175594	beta_z-score
sub-00	pilot	gc	run-002	fMotionArea	LH	Gaze	1.1268544296250464	beta_z-score
sub-00	pilot	gc	run-002	fMotionArea	RH	Gaze	2.1958022809460886	beta_z-score
sub-00	pilot	gc	run-002	Marquardt2017GFP	LH	Gaze	0.7918528699334966	beta_z-score
sub-00	pilot	gc	run-002	Marquardt2017GFP	RH	Gaze	0.8753643350026696	beta_z-score
sub-00	pilot	gc	run-002	GFP	LH	Cubes	1.9736725986649855	beta_z-score
sub-00	pilot	gc	run-002	GFP	RH	Cubes	3.392252022493103	beta_z-score
sub-00	pilot	gc	run-002	fMotionArea	LH	Cubes	2.3414682510816642	beta_z-score
sub-00	pilot	gc	run-002	fMotionArea	RH	Cubes	2.7380921648652286	beta_z-score
sub-00	pilot	gc	run-002	Marquardt2017GFP	LH	Cubes	2.570387501496638	beta_z-score
sub-00	pilot	gc	run-002	Marquardt2017GFP	RH	Cubes	1.6186515933541636	beta_z-score
sub-00	pilot	gc	run-003	GFP	LH	Gaze	0.08950991529163928	beta_z-score
sub-00	pilot	gc	run-003	GFP	RH	Gaze	2.631757483678701	beta_z-score
sub-00	pilot	gc	run-003	fMotionArea	LH	Gaze	1.3156608013260966	beta_z-score
sub-00	pilot	gc	run-003	fMotionArea	RH	Gaze	1.7167705444373436	beta_z-score
sub-00	pilot	gc	run-003	Marquardt2017GFP	LH	Gaze	0.6147129846283876	beta_z-score
sub-00	pilot	gc	run-003	Marquardt2017GFP	RH	Gaze	0.9885435678175968	beta_z-score
sub-00	pilot	gc	run-003	GFP	LH	Cubes	2.034663651955433	beta_z-score
sub-00	pilot	gc	run-003	GFP	RH	Cubes	2.9137913151389396	beta_z-score
sub-00	pilot	gc	run-003	fMotionArea	LH	Cubes	2.1717447382176114	beta_z-score
sub-00	pilot	gc	run-003	fMotionArea	RH	Cubes	2.2030523737780947	beta_z-score
sub-00	pilot	gc	run-003	Marquardt2017GFP	LH	Cubes	2.1911793644585784	beta_z-score
sub-00	pilot	gc	run-003	Marquardt2017GFP	RH	Cubes	1.6424870650360344	beta_z-score
sub-00	pilot	gc	run-004	GFP	LH	Gaze	-0.14235960241086326	beta_z-score
sub-00	pilot	gc	run-004	GFP	RH	Gaze	3.454374803005732	beta_z-score
sub-00	pilot	gc	run-004	fMotionArea	LH	Gaze	0.8235625976816838	beta_z-score
sub-00	pilot	gc	run-004	fMotionArea	RH	Gaze	2.2050201466367714	beta_z-score
sub-00	pilot	gc	run-004	Marquardt2017GFP	LH	Gaze	0.2565867494142977	beta_z-score
sub-00	pilot	gc	run-004	Marquardt2017GFP	RH	Gaze	0.16004196553003797	beta_z-score
sub-00	pilot	gc	run-004	GFP	LH	Cubes	0.9690699621242213	beta_z-score
sub-00	pilot	gc	run-004	GFP	RH	Cubes	3.6163229259795386	beta_z-score
sub-00	pilot	gc	run-004	fMotionArea	LH	Cubes	1.4306419091768936	beta_z-score
sub-00	pilot	gc	run-004	fMotionArea	RH	Cubes	2.8056522658412666	beta_z-score
sub-00	pilot	gc	run-004	Marquardt2017GFP	LH	Cubes	1.220088729417802	beta_z-score
sub-00	pilot	gc	run-004	Marquardt2017GFP	RH	Cubes	0.5032469510257156	beta_z-score
sub-00	pilot	gc	run-005	GFP	LH	Gaze	0.7742741048320894	beta_z-score
sub-00	pilot	gc	run-005	GFP	RH	Gaze	2.687933936114085	beta_z-score
sub-00	pilot	gc	run-005	fMotionArea	LH	Gaze	1.6748767353020382	beta_z-score
sub-00	pilot	gc	run-005	fMotionArea	RH	Gaze	2.164628048432308	beta_z-score
sub-00	pilot	gc	run-005	Marquardt2017GFP	LH	Gaze	0.6560116476590503	beta_z-score
sub-00	pilot	gc	run-005	Marquardt2017GFP	RH	Gaze	0.6423442002091466	beta_z-score
sub-00	pilot	gc	run-005	GFP	LH	Cubes	1.9796127812585629	beta_z-score
sub-00	pilot	gc	run-005	GFP	RH	Cubes	3.331090957241354	beta_z-score
sub-00	pilot	gc	run-005	fMotionArea	LH	Cubes	2.920434438356971	beta_z-score
sub-00	pilot	gc	run-005	fMotionArea	RH	Cubes	2.6816413817538165	beta_z-score
sub-00	pilot	gc	run-005	Marquardt2017GFP	LH	Cubes	2.361580247852688	beta_z-score
sub-00	pilot	gc	run-005	Marquardt2017GFP	RH	Cubes	0.5728690844289331	beta_z-score
sub-00	pilot	gc	run-006	GFP	LH	Gaze	-0.3290389640908838	beta_z-score
sub-00	pilot	gc	run-006	GFP	RH	Gaze	1.9590751097234664	beta_z-score
sub-00	pilot	gc	run-006	fMotionArea	LH	Gaze	0.7369041870657221	beta_z-score
sub-00	pilot	gc	run-006	fMotionArea	RH	Gaze	1.227503625954097	beta_z-score
sub-00	pilot	gc	run-006	Marquardt2017GFP	LH	Gaze	0.7474421863150881	beta_z-score
sub-00	pilot	gc	run-006	Marquardt2017GFP	RH	Gaze	0.5576344848663932	beta_z-score
sub-00	pilot	gc	run-006	GFP	LH	Cubes	0.8656970406775234	beta_z-score
sub-00	pilot	gc	run-006	GFP	RH	Cubes	2.737682826038719	beta_z-score
sub-00	pilot	gc	run-006	fMotionArea	LH	Cubes	2.103547647063876	beta_z-score
sub-00	pilot	gc	run-006	fMotionArea	RH	Cubes	1.7529472300576407	beta_z-score
sub-00	pilot	gc	run-006	Marquardt2017GFP	LH	Cubes	2.19404843981262	beta_z-score
sub-00	pilot	gc	run-006	Marquardt2017GFP	RH	Cubes	0.394971753958726	beta_z-score
sub-00	pilot	gic	run-007	GFP	LH	Gaze	-1.0717300510021845	beta_z-score
sub-00	pilot	gic	run-007	GFP	RH	Gaze	3.5307287617608782	beta_z-score
sub-00	pilot	gic	run-007	fMotionArea	LH	Gaze	-0.16406740278164442	beta_z-score
sub-00	pilot	gic	run-007	fMotionArea	RH	Gaze	2.450611839850677	beta_z-score
sub-00	pilot	gic	run-007	Marquardt2017GFP	LH	Gaze	-0.3117004523294793	beta_z-score
sub-00	pilot	gic	run-007	Marquardt2017GFP	RH	Gaze	0.5561016405001845	beta_z-score
sub-00	pilot	gic	run-007	GFP	LH	Cubes	1.121093510187632	beta_z-score
sub-00	pilot	gic	run-007	GFP	RH	Cubes	3.512562957655208	beta_z-score
sub-00	pilot	gic	run-007	fMotionArea	LH	Cubes	2.291704743556413	beta_z-score
sub-00	pilot	gic	run-007	fMotionArea	RH	Cubes	3.4134209568767444	beta_z-score
sub-00	pilot	gic	run-007	Marquardt2017GFP	LH	Cubes	2.4736340877257144	beta_z-score
sub-00	pilot	gic	run-007	Marquardt2017GFP	RH	Cubes	1.9885329346084486	beta_z-score
sub-00	pilot	gic	run-007	GFP	LH	Iris	-2.1053213909629944	beta_z-score
sub-00	pilot	gic	run-007	GFP	RH	Iris	1.6723237240259996	beta_z-score
sub-00	pilot	gic	run-007	fMotionArea	LH	Iris	0.3267381925039069	beta_z-score
sub-00	pilot	gic	run-007	fMotionArea	RH	Iris	1.151934706213874	beta_z-score
sub-00	pilot	gic	run-007	Marquardt2017GFP	LH	Iris	-0.3912970699440973	beta_z-score
sub-00	pilot	gic	run-007	Marquardt2017GFP	RH	Iris	-0.05868522974284393	beta_z-score
sub-00	pilot	gic	run-008	GFP	LH	Gaze	-0.5844167579457038	beta_z-score
sub-00	pilot	gic	run-008	GFP	RH	Gaze	3.7007392220858355	beta_z-score
sub-00	pilot	gic	run-008	fMotionArea	LH	Gaze	1.9208551407671317	beta_z-score
sub-00	pilot	gic	run-008	fMotionArea	RH	Gaze	3.125473043246478	beta_z-score
sub-00	pilot	gic	run-008	Marquardt2017GFP	LH	Gaze	0.9622231766504238	beta_z-score
sub-00	pilot	gic	run-008	Marquardt2017GFP	RH	Gaze	1.3745844409170451	beta_z-score
sub-00	pilot	gic	run-008	GFP	LH	Cubes	0.9090611077727727	beta_z-score
sub-00	pilot	gic	run-008	GFP	RH	Cubes	3.8248034117809895	beta_z-score
sub-00	pilot	gic	run-008	fMotionArea	LH	Cubes	3.4394332512061654	beta_z-score
sub-00	pilot	gic	run-008	fMotionArea	RH	Cubes	3.6487724508668777	beta_z-score
sub-00	pilot	gic	run-008	Marquardt2017GFP	LH	Cubes	2.8378271820871643	beta_z-score
sub-00	pilot	gic	run-008	Marquardt2017GFP	RH	Cubes	1.9591774959614945	beta_z-score
sub-00	pilot	gic	run-008	GFP	LH	Iris	-1.5384500133059111	beta_z-score
sub-00	pilot	gic	run-008	GFP	RH	Iris	2.803463591691452	beta_z-score
sub-00	pilot	gic	run-008	fMotionArea	LH	Iris	2.2394155933384154	beta_z-score
sub-00	pilot	gic	run-008	fMotionArea	RH	Iris	2.571163252402122	beta_z-score
sub-00	pilot	gic	run-008	Marquardt2017GFP	LH	Iris	0.9157975477712059	beta_z-score
sub-00	pilot	gic	run-008	Marquardt2017GFP	RH	Iris	0.8804165747644239	beta_z-score
sub-00	pilot	gic	run-009	GFP	LH	Gaze	1.3046578924089818	beta_z-score
sub-00	pilot	gic	run-009	GFP	RH	Gaze	4.620870327690127	beta_z-score
sub-00	pilot	gic	run-009	fMotionArea	LH	Gaze	1.4729254663704348	beta_z-score
sub-00	pilot	gic	run-009	fMotionArea	RH	Gaze	3.2208557031613094	beta_z-score
sub-00	pilot	gic	run-009	Marquardt2017GFP	LH	Gaze	0.8574879997755689	beta_z-score
sub-00	pilot	gic	run-009	Marquardt2017GFP	RH	Gaze	2.327120252973854	beta_z-score
sub-00	pilot	gic	run-009	GFP	LH	Cubes	2.345483764126327	beta_z-score
sub-00	pilot	gic	run-009	GFP	RH	Cubes	4.460065672691737	beta_z-score
sub-00	pilot	gic	run-009	fMotionArea	LH	Cubes	3.3354103506279014	beta_z-score
sub-00	pilot	gic	run-009	fMotionArea	RH	Cubes	3.6100367895723853	beta_z-score
sub-00	pilot	gic	run-009	Marquardt2017GFP	LH	Cubes	3.146980563471379	beta_z-score
sub-00	pilot	gic	run-009	Marquardt2017GFP	RH	Cubes	2.8931796366645153	beta_z-score
sub-00	pilot	gic	run-009	GFP	LH	Iris	-0.2626696590606542	beta_z-score
sub-00	pilot	gic	run-009	GFP	RH	Iris	3.818886529560547	beta_z-score
sub-00	pilot	gic	run-009	fMotionArea	LH	Iris	2.0641869968748066	beta_z-score
sub-00	pilot	gic	run-009	fMotionArea	RH	Iris	2.9353864945375823	beta_z-score
sub-00	pilot	gic	run-009	Marquardt2017GFP	LH	Iris	0.9227788702477252	beta_z-score
sub-00	pilot	gic	run-009	Marquardt2017GFP	RH	Iris	2.01307431840415	beta_z-score
sub-0000	pilot	gic	run-010	GFP	LH	Gaze	-0.44748435098082695	beta_z-score
sub-0000	pilot	gic	run-010	GFP	RH	Gaze	1.0277209042607112	beta_z-score
sub-0000	pilot	gic	run-010	GazeCubes	LH	Gaze	0.7550279194443904	beta_z-score
sub-0000	pilot	gic	run-010	GazeCubes	RH	Gaze	-1.1558972857866954	beta_z-score
sub-0000	pilot	gic	run-010	fMotionArea	LH	Gaze	0.18582189906428348	beta_z-score
sub-0000	pilot	gic	run-010	fMotionArea	RH	Gaze	0.42085926162663906	beta_z-score
sub-0000	pilot	gic	run-010	GFPalt	LH	Gaze	0.17415251556867473	beta_z-score
sub-0000	pilot	gic	run-010	GFPalt	RH	Gaze	0.2425234158508513	beta_z-score
sub-0000	pilot	gic	run-010	Marquardt2017GFP	LH	Gaze	-0.14918556651718856	beta_z-score
sub-0000	pilot	gic	run-010	Marquardt2017GFP	RH	Gaze	-0.14313075992920785	beta_z-score
sub-0000	pilot	gic	run-010	GFP	LH	Cubes	0.4324687695730961	beta_z-score
sub-0000	pilot	gic	run-010	GFP	RH	Cubes	3.297239319607585	beta_z-score
sub-0000	pilot	gic	run-010	GazeCubes	LH	Cubes	-0.42516908336630643	beta_z-score
sub-0000	pilot	gic	run-010	GazeCubes	RH	Cubes	-1.663083621860212	beta_z-score
sub-0000	pilot	gic	run-010	fMotionArea	LH	Cubes	1.6373169478182727	beta_z-score
sub-0000	pilot	gic	run-010	fMotionArea	RH	Cubes	1.2134455947605505	beta_z-score
sub-0000	pilot	gic	run-010	GFPalt	LH	Cubes	-0.01894119222995685	beta_z-score
sub-0000	pilot	gic	run-010	GFPalt	RH	Cubes	0.15645718292589522	beta_z-score
sub-0000	pilot	gic	run-010	Marquardt2017GFP	LH	Cubes	0.6772915587367536	beta_z-score
sub-0000	pilot	gic	run-010	Marquardt2017GFP	RH	Cubes	1.9092386739904637	beta_z-score
sub-0000	pilot	gic	run-010	GFP	LH	Iris	-0.6441504927591568	beta_z-score
sub-0000	pilot	gic	run-010	GFP	RH	Iris	1.0565566189235989	beta_z-score
sub-0000	pilot	gic	run-010	GazeCubes	LH	Iris	0.3230750283200939	beta_z-score
sub-0000	pilot	gic	run-010	GazeCubes	RH	Iris	-1.3369157790696602	beta_z-score
sub-0000	pilot	gic	run-010	fMotionArea	LH	Iris	0.4407271716420867	beta_z-score
sub-0000	pilot	gic	run-010	fMotionArea	RH	Iris	0.24901464054667785	beta_z-score
sub-0000	pilot	gic	run-010	GFPalt	LH	Iris	-0.32906891437795965	beta_z-score
sub-0000	pilot	gic	run-010	GFPalt	RH	Iris	0.386577461522483	beta_z-score
sub-0000	pilot	gic	run-010	Marquardt2017GFP	LH	Iris	-0.33165440427075993	beta_z-score
sub-0000	pilot	gic	run-010	Marquardt2017GFP	RH	Iris	-0.026696547010216294	beta_z-score
sub-0000	pilot	gic	run-011	GFP	LH	Gaze	0.40934742563415033	beta_z-score
sub-0000	pilot	gic	run-011	GFP	RH	Gaze	0.44903753604469876	beta_z-score
sub-0000	pilot	gic	run-011	GazeCubes	LH	Gaze	-0.8860185257633173	beta_z-score
sub-0000	pilot	gic	run-011	GazeCubes	RH	Gaze	-0.961659290247837	beta_z-score
sub-0000	pilot	gic	run-011	fMotionArea	LH	Gaze	0.8763159214732822	beta_z-score
sub-0000	pilot	gic	run-011	fMotionArea	RH	Gaze	0.030677369935551542	beta_z-score
sub-0000	pilot	gic	run-011	GFPalt	LH	Gaze	0.3287539221405364	beta_z-score
sub-0000	pilot	gic	run-011	GFPalt	RH	Gaze	0.3131822635821459	beta_z-score
sub-0000	pilot	gic	run-011	Marquardt2017GFP	LH	Gaze	0.4814270157238209	beta_z-score
sub-0000	pilot	gic	run-011	Marquardt2017GFP	RH	Gaze	-0.3128011785534121	beta_z-score
sub-0000	pilot	gic	run-011	GFP	LH	Cubes	1.0188891395914887	beta_z-score
sub-0000	pilot	gic	run-011	GFP	RH	Cubes	1.8683626447246078	beta_z-score
sub-0000	pilot	gic	run-011	GazeCubes	LH	Cubes	-1.1204558007204986	beta_z-score
sub-0000	pilot	gic	run-011	GazeCubes	RH	Cubes	-1.530616885308244	beta_z-score
sub-0000	pilot	gic	run-011	fMotionArea	LH	Cubes	1.8638548288794972	beta_z-score
sub-0000	pilot	gic	run-011	fMotionArea	RH	Cubes	0.4193887227270476	beta_z-score
sub-0000	pilot	gic	run-011	GFPalt	LH	Cubes	0.5107197617510661	beta_z-score
sub-0000	pilot	gic	run-011	GFPalt	RH	Cubes	-0.2187080568955691	beta_z-score
sub-0000	pilot	gic	run-011	Marquardt2017GFP	LH	Cubes	1.2083953807931607	beta_z-score
sub-0000	pilot	gic	run-011	Marquardt2017GFP	RH	Cubes	1.4344544672542292	beta_z-score
sub-0000	pilot	gic	run-011	GFP	LH	Iris	0.20755168674023522	beta_z-score
sub-0000	pilot	gic	run-011	GFP	RH	Iris	0.7484192999119447	beta_z-score
sub-0000	pilot	gic	run-011	GazeCubes	LH	Iris	-0.47292321825563055	beta_z-score
sub-0000	pilot	gic	run-011	GazeCubes	RH	Iris	-1.0904952251000415	beta_z-score
sub-0000	pilot	gic	run-011	fMotionArea	LH	Iris	0.6580516629104584	beta_z-score
sub-0000	pilot	gic	run-011	fMotionArea	RH	Iris	0.4681909205527592	beta_z-score
sub-0000	pilot	gic	run-011	GFPalt	LH	Iris	0.3713674370599564	beta_z-score
sub-0000	pilot	gic	run-011	GFPalt	RH	Iris	-0.035838230130619875	beta_z-score
sub-0000	pilot	gic	run-011	Marquardt2017GFP	LH	Iris	0.49827000254274106	beta_z-score
sub-0000	pilot	gic	run-011	Marquardt2017GFP	RH	Iris	0.23012885225231064	beta_z-score
sub-0000	pilot	gic	run-012	GFP	LH	Gaze	0.2730536698272398	beta_z-score
sub-0000	pilot	gic	run-012	GFP	RH	Gaze	1.2653674440247806	beta_z-score
sub-0000	pilot	gic	run-012	GazeCubes	LH	Gaze	-1.1878412143084207	beta_z-score
sub-0000	pilot	gic	run-012	GazeCubes	RH	Gaze	-0.7770960278444092	beta_z-score
sub-0000	pilot	gic	run-012	fMotionArea	LH	Gaze	0.6263349758245058	beta_z-score
sub-0000	pilot	gic	run-012	fMotionArea	RH	Gaze	0.3494866296985959	beta_z-score
sub-0000	pilot	gic	run-012	GFPalt	LH	Gaze	-0.6129965227546397	beta_z-score
sub-0000	pilot	gic	run-012	GFPalt	RH	Gaze	0.3620559411700268	beta_z-score
sub-0000	pilot	gic	run-012	Marquardt2017GFP	LH	Gaze	0.27670644397387867	beta_z-score
sub-0000	pilot	gic	run-012	Marquardt2017GFP	RH	Gaze	0.3773561578720164	beta_z-score
sub-0000	pilot	gic	run-012	GFP	LH	Cubes	1.2437680000725546	beta_z-score
sub-0000	pilot	gic	run-012	GFP	RH	Cubes	2.9424636508509905	beta_z-score
sub-0000	pilot	gic	run-012	GazeCubes	LH	Cubes	-1.1564513724015522	beta_z-score
sub-0000	pilot	gic	run-012	GazeCubes	RH	Cubes	-1.2257569856297672	beta_z-score
sub-0000	pilot	gic	run-012	fMotionArea	LH	Cubes	2.2664098586494883	beta_z-score
sub-0000	pilot	gic	run-012	fMotionArea	RH	Cubes	0.7908876323935846	beta_z-score
sub-0000	pilot	gic	run-012	GFPalt	LH	Cubes	-0.4751782579436455	beta_z-score
sub-0000	pilot	gic	run-012	GFPalt	RH	Cubes	-0.2537511841958038	beta_z-score
sub-0000	pilot	gic	run-012	Marquardt2017GFP	LH	Cubes	1.3417753303657518	beta_z-score
sub-0000	pilot	gic	run-012	Marquardt2017GFP	RH	Cubes	1.966225082041702	beta_z-score
sub-0000	pilot	gic	run-012	GFP	LH	Iris	0.4283390125078449	beta_z-score
sub-0000	pilot	gic	run-012	GFP	RH	Iris	1.4436415335247594	beta_z-score
sub-0000	pilot	gic	run-012	GazeCubes	LH	Iris	-0.7452715114334625	beta_z-score
sub-0000	pilot	gic	run-012	GazeCubes	RH	Iris	-0.3547593941668796	beta_z-score
sub-0000	pilot	gic	run-012	fMotionArea	LH	Iris	1.0677223423012434	beta_z-score
sub-0000	pilot	gic	run-012	fMotionArea	RH	Iris	0.6532619137869816	beta_z-score
sub-0000	pilot	gic	run-012	GFPalt	LH	Iris	-0.6959853302511992	beta_z-score
sub-0000	pilot	gic	run-012	GFPalt	RH	Iris	0.08181861694980948	beta_z-score
sub-0000	pilot	gic	run-012	Marquardt2017GFP	LH	Iris	0.45560588669573615	beta_z-score
sub-0000	pilot	gic	run-012	Marquardt2017GFP	RH	Iris	0.7477599901727627	beta_z-score
sub-0000	pilot	gic	run-013	GFP	LH	Gaze	0.31388095345157	beta_z-score
sub-0000	pilot	gic	run-013	GFP	RH	Gaze	1.5482621153850347	beta_z-score
sub-0000	pilot	gic	run-013	GazeCubes	LH	Gaze	0.33284955334352	beta_z-score
sub-0000	pilot	gic	run-013	GazeCubes	RH	Gaze	-0.14360842326867088	beta_z-score
sub-0000	pilot	gic	run-013	fMotionArea	LH	Gaze	0.7845504786215811	beta_z-score
sub-0000	pilot	gic	run-013	fMotionArea	RH	Gaze	0.9119985484725737	beta_z-score
sub-0000	pilot	gic	run-013	GFPalt	LH	Gaze	0.7703683093327047	beta_z-score
sub-0000	pilot	gic	run-013	GFPalt	RH	Gaze	0.7829882792837084	beta_z-score
sub-0000	pilot	gic	run-013	Marquardt2017GFP	LH	Gaze	0.5774555830189931	beta_z-score
sub-0000	pilot	gic	run-013	Marquardt2017GFP	RH	Gaze	0.8146588153526839	beta_z-score
sub-0000	pilot	gic	run-013	GFP	LH	Cubes	1.0790562651172717	beta_z-score
sub-0000	pilot	gic	run-013	GFP	RH	Cubes	3.2247789014207626	beta_z-score
sub-0000	pilot	gic	run-013	GazeCubes	LH	Cubes	-0.7068793607521657	beta_z-score
sub-0000	pilot	gic	run-013	GazeCubes	RH	Cubes	-1.3087324719715963	beta_z-score
sub-0000	pilot	gic	run-013	fMotionArea	LH	Cubes	2.183292051278497	beta_z-score
sub-0000	pilot	gic	run-013	fMotionArea	RH	Cubes	1.155544223487921	beta_z-score
sub-0000	pilot	gic	run-013	GFPalt	LH	Cubes	0.4658063972090776	beta_z-score
sub-0000	pilot	gic	run-013	GFPalt	RH	Cubes	0.48376785346620654	beta_z-score
sub-0000	pilot	gic	run-013	Marquardt2017GFP	LH	Cubes	1.290561892424801	beta_z-score
sub-0000	pilot	gic	run-013	Marquardt2017GFP	RH	Cubes	2.2904933719899225	beta_z-score
sub-0000	pilot	gic	run-013	GFP	LH	Iris	0.4399772402349027	beta_z-score
sub-0000	pilot	gic	run-013	GFP	RH	Iris	1.240490988973711	beta_z-score
sub-0000	pilot	gic	run-013	GazeCubes	LH	Iris	0.34889415916790845	beta_z-score
sub-0000	pilot	gic	run-013	GazeCubes	RH	Iris	-1.2227239483663956	beta_z-score
sub-0000	pilot	gic	run-013	fMotionArea	LH	Iris	1.1811318827226869	beta_z-score
sub-0000	pilot	gic	run-013	fMotionArea	RH	Iris	0.07880937049965986	beta_z-score
sub-0000	pilot	gic	run-013	GFPalt	LH	Iris	0.509972702128552	beta_z-score
sub-0000	pilot	gic	run-013	GFPalt	RH	Iris	0.16898550896328543	beta_z-score
sub-0000	pilot	gic	run-013	Marquardt2017GFP	LH	Iris	0.501256408245059	beta_z-score
sub-0000	pilot	gic	run-013	Marquardt2017GFP	RH	Iris	0.18505184623827572	beta_z-score
sub-0000	pilot	gic	run-014	GFP	LH	Gaze	0.15664629042182746	beta_z-score
sub-0000	pilot	gic	run-014	GFP	RH	Gaze	-0.5756670978354841	beta_z-score
sub-0000	pilot	gic	run-014	GazeCubes	LH	Gaze	0.3749999162617237	beta_z-score
sub-0000	pilot	gic	run-014	GazeCubes	RH	Gaze	-1.0228071677433401	beta_z-score
sub-0000	pilot	gic	run-014	fMotionArea	LH	Gaze	0.5095605167057926	beta_z-score
sub-0000	pilot	gic	run-014	fMotionArea	RH	Gaze	0.29479947104192383	beta_z-score
sub-0000	pilot	gic	run-014	GFPalt	LH	Gaze	1.0437985988119203	beta_z-score
sub-0000	pilot	gic	run-014	GFPalt	RH	Gaze	1.264823133010626	beta_z-score
sub-0000	pilot	gic	run-014	Marquardt2017GFP	LH	Gaze	0.4774846925593595	beta_z-score
sub-0000	pilot	gic	run-014	Marquardt2017GFP	RH	Gaze	-1.2942413556037915	beta_z-score
sub-0000	pilot	gic	run-014	GFP	LH	Cubes	1.2144564229068247	beta_z-score
sub-0000	pilot	gic	run-014	GFP	RH	Cubes	1.4171660587282366	beta_z-score
sub-0000	pilot	gic	run-014	GazeCubes	LH	Cubes	-0.831501549245986	beta_z-score
sub-0000	pilot	gic	run-014	GazeCubes	RH	Cubes	-2.1956051038156783	beta_z-score
sub-0000	pilot	gic	run-014	fMotionArea	LH	Cubes	1.7098836389981282	beta_z-score
sub-0000	pilot	gic	run-014	fMotionArea	RH	Cubes	0.09938425882363235	beta_z-score
sub-0000	pilot	gic	run-014	GFPalt	LH	Cubes	0.7025584839706496	beta_z-score
sub-0000	pilot	gic	run-014	GFPalt	RH	Cubes	0.6019037555300242	beta_z-score
sub-0000	pilot	gic	run-014	Marquardt2017GFP	LH	Cubes	1.4728156145842284	beta_z-score
sub-0000	pilot	gic	run-014	Marquardt2017GFP	RH	Cubes	0.8959449475834665	beta_z-score
sub-0000	pilot	gic	run-014	GFP	LH	Iris	0.05253333344965223	beta_z-score
sub-0000	pilot	gic	run-014	GFP	RH	Iris	-0.6143718024157222	beta_z-score
sub-0000	pilot	gic	run-014	GazeCubes	LH	Iris	-0.06346097763106072	beta_z-score
sub-0000	pilot	gic	run-014	GazeCubes	RH	Iris	-1.3792792703919545	beta_z-score
sub-0000	pilot	gic	run-014	fMotionArea	LH	Iris	0.20554835230021687	beta_z-score
sub-0000	pilot	gic	run-014	fMotionArea	RH	Iris	-0.0996503602784447	beta_z-score
sub-0000	pilot	gic	run-014	GFPalt	LH	Iris	0.2154614172599673	beta_z-score
sub-0000	pilot	gic	run-014	GFPalt	RH	Iris	1.4338539276808482	beta_z-score
sub-0000	pilot	gic	run-014	Marquardt2017GFP	LH	Iris	0.28650433970632583	beta_z-score
sub-0000	pilot	gic	run-014	Marquardt2017GFP	RH	Iris	-1.1111831045241187	beta_z-score
sub-0000	pilot	gic	run-015	GFP	LH	Gaze	0.9443504193141178	beta_z-score
sub-0000	pilot	gic	run-015	GFP	RH	Gaze	0.7938412075870356	beta_z-score
sub-0000	pilot	gic	run-015	GazeCubes	LH	Gaze	1.6248243691813122	beta_z-score
sub-0000	pilot	gic	run-015	GazeCubes	RH	Gaze	0.09652182461558756	beta_z-score
sub-0000	pilot	gic	run-015	fMotionArea	LH	Gaze	0.7259541609460999	beta_z-score
sub-0000	pilot	gic	run-015	fMotionArea	RH	Gaze	1.3883343144640419	beta_z-score
sub-0000	pilot	gic	run-015	GFPalt	LH	Gaze	0.9635253094555707	beta_z-score
sub-0000	pilot	gic	run-015	GFPalt	RH	Gaze	-0.2148567743085855	beta_z-score
sub-0000	pilot	gic	run-015	Marquardt2017GFP	LH	Gaze	0.8553620245254637	beta_z-score
sub-0000	pilot	gic	run-015	Marquardt2017GFP	RH	Gaze	0.41437453839832933	beta_z-score
sub-0000	pilot	gic	run-015	GFP	LH	Cubes	1.42768116588894	beta_z-score
sub-0000	pilot	gic	run-015	GFP	RH	Cubes	1.8120837140679036	beta_z-score
sub-0000	pilot	gic	run-015	GazeCubes	LH	Cubes	0.8984074319674586	beta_z-score
sub-0000	pilot	gic	run-015	GazeCubes	RH	Cubes	-0.378569729396695	beta_z-score
sub-0000	pilot	gic	run-015	fMotionArea	LH	Cubes	1.7934055612457493	beta_z-score
sub-0000	pilot	gic	run-015	fMotionArea	RH	Cubes	1.892376242313583	beta_z-score
sub-0000	pilot	gic	run-015	GFPalt	LH	Cubes	1.0226822154302622	beta_z-score
sub-0000	pilot	gic	run-015	GFPalt	RH	Cubes	-0.7293478616961945	beta_z-score
sub-0000	pilot	gic	run-015	Marquardt2017GFP	LH	Cubes	1.5333623784252584	beta_z-score
sub-0000	pilot	gic	run-015	Marquardt2017GFP	RH	Cubes	1.600892291272877	beta_z-score
sub-0000	pilot	gic	run-015	GFP	LH	Iris	0.8460675116195946	beta_z-score
sub-0000	pilot	gic	run-015	GFP	RH	Iris	0.4752388722854007	beta_z-score
sub-0000	pilot	gic	run-015	GazeCubes	LH	Iris	1.7216903819807037	beta_z-score
sub-0000	pilot	gic	run-015	GazeCubes	RH	Iris	0.18161999520827227	beta_z-score
sub-0000	pilot	gic	run-015	fMotionArea	LH	Iris	1.0014137770228313	beta_z-score
sub-0000	pilot	gic	run-015	fMotionArea	RH	Iris	1.5747439261655076	beta_z-score
sub-0000	pilot	gic	run-015	GFPalt	LH	Iris	1.042304223946209	beta_z-score
sub-0000	pilot	gic	run-015	GFPalt	RH	Iris	-0.6484910465818945	beta_z-score
sub-0000	pilot	gic	run-015	Marquardt2017GFP	LH	Iris	0.9338605063797707	beta_z-score
sub-0000	pilot	gic	run-015	Marquardt2017GFP	RH	Iris	0.18480923879273078	beta_z-score
